tanggal,produk,harga,hari,promo,cuaca,stok_awal,jumlah_terjual
2026-01-01,Paha Ayam,10000,Thursday,0,Mendung,90,44
2026-01-02,Dada Ayam,11000,Friday,0,Cerah,86,32
2026-01-03,Ayam Crispy,12000,Saturday,0,Cerah,43,43
2026-01-04,Paha Ayam,10000,Sunday,1,Cerah,46,46
2026-01-05,Paha Ayam,10000,Monday,0,Cerah,74,36
2026-01-06,Dada Ayam,11000,Tuesday,0,Cerah,87,42
2026-01-07,Ayam Crispy,12000,Wednesday,1,Mendung,112,69
2026-01-08,Ayam Crispy,12000,Thursday,1,Mendung,111,66
2026-01-09,Paha Ayam,10000,Friday,1,Mendung,84,62
2026-01-10,Ayam Geprek,15000,Saturday,1,Mendung,120,83
2026-01-11,Paha Ayam,10000,Sunday,0,Hujan,120,63
2026-01-12,Paha Ayam,10000,Monday,0,Mendung,111,60
2026-01-13,Paha Ayam,10000,Tuesday,1,Hujan,58,40
2026-01-14,Paha Ayam,10000,Wednesday,1,Cerah,102,67
2026-01-15,Dada Ayam,11000,Thursday,0,Cerah,77,43
2026-01-16,Ayam Crispy,12000,Friday,0,Cerah,106,52
2026-01-17,Dada Ayam,11000,Saturday,0,Mendung,98,64
2026-01-18,Dada Ayam,11000,Sunday,1,Hujan,108,70
2026-01-19,Dada Ayam,11000,Monday,1,Cerah,52,49
2026-01-20,Paha Ayam,10000,Tuesday,0,Hujan,86,34
2026-01-21,Ayam Geprek,15000,Wednesday,0,Cerah,100,58
2026-01-22,Ayam Crispy,12000,Thursday,0,Hujan,70,34
2026-01-23,Ayam Geprek,15000,Friday,1,Cerah,119,64
2026-01-24,Dada Ayam,11000,Saturday,1,Cerah,61,59
2026-01-25,Dada Ayam,11000,Sunday,1,Cerah,82,73
2026-01-26,Ayam Geprek,15000,Monday,0,Cerah,106,50
2026-01-27,Ayam Geprek,15000,Tuesday,0,Cerah,93,47
2026-01-28,Ayam Geprek,15000,Wednesday,0,Cerah,49,35
2026-01-29,Dada Ayam,11000,Thursday,0,Hujan,81,35
2026-01-30,Dada Ayam,11000,Friday,1,Mendung,103,68
2026-01-31,Ayam Crispy,12000,Saturday,1,Cerah,60,60
2026-02-01,Ayam Crispy,12000,Sunday,1,Mendung,119,80
2026-02-02,Dada Ayam,11000,Monday,1,Mendung,115,71
2026-02-03,Ayam Geprek,15000,Tuesday,0,Cerah,105,49
2026-02-04,Ayam Geprek,15000,Wednesday,1,Cerah,80,65
2026-02-05,Ayam Crispy,12000,Thursday,1,Cerah,63,41
2026-02-06,Dada Ayam,11000,Friday,1,Cerah,74,45
2026-02-07,Ayam Crispy,12000,Saturday,0,Mendung,95,65
2026-02-08,Ayam Crispy,12000,Sunday,0,Cerah,69,60
2026-02-09,Paha Ayam,10000,Monday,0,Mendung,96,52
2026-02-10,Paha Ayam,10000,Tuesday,1,Mendung,86,56
2026-02-11,Paha Ayam,10000,Wednesday,0,Cerah,74,48
2026-02-12,Ayam Geprek,15000,Thursday,0,Mendung,58,29
2026-02-13,Dada Ayam,11000,Friday,0,Cerah,47,38
2026-02-14,Dada Ayam,11000,Saturday,0,Hujan,65,37
2026-02-15,Dada Ayam,11000,Sunday,0,Cerah,110,67
2026-02-16,Dada Ayam,11000,Monday,0,Hujan,69,32
2026-02-17,Paha Ayam,10000,Tuesday,0,Mendung,46,24
2026-02-18,Ayam Geprek,15000,Wednesday,0,Cerah,106,59
2026-02-19,Ayam Geprek,15000,Thursday,1,Mendung,104,65
2026-02-20,Paha Ayam,10000,Friday,0,Hujan,75,32
2026-02-21,Ayam Geprek,15000,Saturday,1,Mendung,64,64
2026-02-22,Paha Ayam,10000,Sunday,0,Hujan,76,43
2026-02-23,Dada Ayam,11000,Monday,0,Hujan,40,24
2026-02-24,Paha Ayam,10000,Tuesday,1,Cerah,54,54
2026-02-25,Dada Ayam,11000,Wednesday,0,Cerah,76,38
2026-02-26,Dada Ayam,11000,Thursday,0,Mendung,52,40
2026-02-27,Ayam Crispy,12000,Friday,0,Cerah,47,23
2026-02-28,Paha Ayam,10000,Saturday,1,Hujan,44,44
2026-03-01,Ayam Crispy,12000,Sunday,0,Hujan,99,49
2026-03-02,Paha Ayam,10000,Monday,1,Cerah,112,74
2026-03-03,Paha Ayam,10000,Tuesday,0,Cerah,40,33
2026-03-04,Ayam Crispy,12000,Wednesday,0,Mendung,75,52
2026-03-05,Ayam Crispy,12000,Thursday,0,Cerah,74,48
2026-03-06,Paha Ayam,10000,Friday,0,Hujan,105,41
2026-03-07,Ayam Geprek,15000,Saturday,0,Cerah,102,60
2026-03-08,Dada Ayam,11000,Sunday,0,Mendung,62,55
2026-03-09,Ayam Crispy,12000,Monday,0,Cerah,48,31
2026-03-10,Dada Ayam,11000,Tuesday,1,Mendung,73,63
2026-03-11,Ayam Geprek,15000,Wednesday,0,Cerah,85,34
2026-03-12,Ayam Geprek,15000,Thursday,0,Mendung,117,67
2026-03-13,Ayam Geprek,15000,Friday,1,Cerah,43,43
2026-03-14,Ayam Crispy,12000,Saturday,0,Mendung,69,50
2026-03-15,Ayam Geprek,15000,Sunday,0,Hujan,114,64
2026-03-16,Ayam Crispy,12000,Monday,1,Cerah,111,75
2026-03-17,Ayam Geprek,15000,Tuesday,1,Cerah,42,42
2026-03-18,Dada Ayam,11000,Wednesday,0,Cerah,53,25
2026-03-19,Dada Ayam,11000,Thursday,1,Mendung,99,63
2026-03-20,Paha Ayam,10000,Friday,0,Mendung,116,61
2026-03-21,Dada Ayam,11000,Saturday,0,Mendung,84,62
2026-03-22,Paha Ayam,10000,Sunday,0,Cerah,73,55
2026-03-23,Dada Ayam,11000,Monday,1,Cerah,84,66
2026-03-24,Ayam Crispy,12000,Tuesday,0,Mendung,100,54
2026-03-25,Dada Ayam,11000,Wednesday,0,Cerah,55,38
2026-03-26,Paha Ayam,10000,Thursday,0,Hujan,105,40
2026-03-27,Paha Ayam,10000,Friday,0,Cerah,79,40
2026-03-28,Ayam Geprek,15000,Saturday,0,Mendung,56,41
2026-03-29,Ayam Crispy,12000,Sunday,0,Cerah,73,54
2026-03-30,Dada Ayam,11000,Monday,0,Cerah,55,39
2026-03-31,Ayam Geprek,15000,Tuesday,0,Mendung,99,49
2026-04-01,Dada Ayam,11000,Wednesday,0,Mendung,105,54
2026-04-02,Dada Ayam,11000,Thursday,0,Hujan,105,47
2026-04-03,Ayam Geprek,15000,Friday,0,Cerah,52,35
2026-04-04,Ayam Geprek,15000,Saturday,0,Cerah,95,66
2026-04-05,Ayam Geprek,15000,Sunday,1,Mendung,70,63
2026-04-06,Ayam Geprek,15000,Monday,0,Mendung,73,39
2026-04-07,Ayam Geprek,15000,Tuesday,0,Cerah,78,51
2026-04-08,Dada Ayam,11000,Wednesday,0,Cerah,106,53
2026-04-09,Ayam Geprek,15000,Thursday,0,Cerah,47,41
2026-04-10,Ayam Crispy,12000,Friday,0,Hujan,117,42
2026-04-11,Paha Ayam,10000,Saturday,0,Cerah,94,64
2026-04-12,Ayam Geprek,15000,Sunday,0,Cerah,66,51
2026-04-13,Ayam Geprek,15000,Monday,0,Cerah,92,50
2026-04-14,Dada Ayam,11000,Tuesday,0,Cerah,78,47
2026-04-15,Ayam Geprek,15000,Wednesday,0,Cerah,104,54
2026-04-16,Ayam Geprek,15000,Thursday,0,Mendung,56,40
2026-04-17,Ayam Geprek,15000,Friday,0,Cerah,69,39
2026-04-18,Dada Ayam,11000,Saturday,0,Hujan,92,51
2026-04-19,Ayam Geprek,15000,Sunday,0,Cerah,52,39
2026-04-20,Paha Ayam,10000,Monday,0,Mendung,60,39
2026-04-21,Dada Ayam,11000,Tuesday,0,Hujan,58,26
2026-04-22,Paha Ayam,10000,Wednesday,1,Mendung,92,62
2026-04-23,Dada Ayam,11000,Thursday,0,Mendung,58,34
2026-04-24,Ayam Geprek,15000,Friday,0,Cerah,96,48
2026-04-25,Paha Ayam,10000,Saturday,1,Cerah,64,64
2026-04-26,Dada Ayam,11000,Sunday,1,Mendung,70,67
2026-04-27,Ayam Crispy,12000,Monday,0,Hujan,120,48
2026-04-28,Ayam Geprek,15000,Tuesday,0,Mendung,94,50
2026-04-29,Dada Ayam,11000,Wednesday,1,Mendung,62,48
2026-04-30,Ayam Crispy,12000,Thursday,1,Mendung,71,53
2026-05-01,Dada Ayam,11000,Friday,0,Cerah,101,49
2026-05-02,Ayam Crispy,12000,Saturday,0,Cerah,113,70
2026-05-03,Ayam Geprek,15000,Sunday,0,Mendung,49,47
2026-05-04,Paha Ayam,10000,Monday,0,Hujan,111,47
2026-05-05,Ayam Crispy,12000,Tuesday,0,Cerah,93,39
2026-05-06,Dada Ayam,11000,Wednesday,0,Mendung,91,39
2026-05-07,Ayam Geprek,15000,Thursday,0,Cerah,59,37
2026-05-08,Ayam Crispy,12000,Friday,1,Mendung,71,52
2026-05-09,Dada Ayam,11000,Saturday,0,Cerah,53,53
2026-05-10,Dada Ayam,11000,Sunday,0,Cerah,89,67
2026-05-11,Dada Ayam,11000,Monday,1,Mendung,67,55
2026-05-12,Ayam Crispy,12000,Tuesday,1,Cerah,92,57
2026-05-13,Ayam Crispy,12000,Wednesday,0,Mendung,63,42
2026-05-14,Ayam Crispy,12000,Thursday,0,Mendung,118,57
2026-05-15,Paha Ayam,10000,Friday,0,Hujan,61,19
2026-05-16,Ayam Crispy,12000,Saturday,0,Cerah,69,47
2026-05-17,Ayam Crispy,12000,Sunday,0,Cerah,102,73
2026-05-18,Ayam Crispy,12000,Monday,0,Cerah,43,37
2026-05-19,Paha Ayam,10000,Tuesday,0,Hujan,116,33
2026-05-20,Ayam Crispy,12000,Wednesday,0,Hujan,98,33
2026-05-21,Dada Ayam,11000,Thursday,0,Mendung,47,37
2026-05-22,Ayam Crispy,12000,Friday,0,Hujan,51,23
2026-05-23,Dada Ayam,11000,Saturday,0,Mendung,70,58
2026-05-24,Dada Ayam,11000,Sunday,0,Mendung,117,71
2026-05-25,Dada Ayam,11000,Monday,0,Cerah,73,44
2026-05-26,Paha Ayam,10000,Tuesday,1,Mendung,114,70
2026-05-27,Paha Ayam,10000,Wednesday,0,Cerah,115,53
2026-05-28,Paha Ayam,10000,Thursday,0,Hujan,88,41
2026-05-29,Ayam Crispy,12000,Friday,1,Mendung,118,72
2026-05-30,Dada Ayam,11000,Saturday,0,Mendung,96,67
2026-05-31,Paha Ayam,10000,Sunday,0,Cerah,65,54
2026-06-01,Paha Ayam,10000,Monday,0,Cerah,57,33
2026-06-02,Ayam Crispy,12000,Tuesday,0,Cerah,77,50
2026-06-03,Paha Ayam,10000,Wednesday,1,Cerah,120,74
2026-06-04,Ayam Crispy,12000,Thursday,0,Cerah,89,44
2026-06-05,Ayam Geprek,15000,Friday,0,Hujan,47,28
2026-06-06,Paha Ayam,10000,Saturday,0,Mendung,80,51
2026-06-07,Ayam Geprek,15000,Sunday,0,Cerah,45,45
2026-06-08,Ayam Crispy,12000,Monday,0,Cerah,108,52
2026-06-09,Dada Ayam,11000,Tuesday,0,Cerah,83,38
2026-06-10,Paha Ayam,10000,Wednesday,0,Mendung,103,61
2026-06-11,Ayam Crispy,12000,Thursday,1,Mendung,68,51
2026-06-12,Dada Ayam,11000,Friday,0,Hujan,67,30
2026-06-13,Dada Ayam,11000,Saturday,0,Cerah,50,50
2026-06-14,Ayam Geprek,15000,Sunday,0,Hujan,104,62
2026-06-15,Ayam Crispy,12000,Monday,0,Hujan,58,27
2026-06-16,Dada Ayam,11000,Tuesday,0,Cerah,48,29
2026-06-17,Paha Ayam,10000,Wednesday,0,Hujan,66,29
2026-06-18,Paha Ayam,10000,Thursday,0,Cerah,73,38
2026-06-19,Ayam Geprek,15000,Friday,0,Hujan,83,35
2026-06-20,Dada Ayam,11000,Saturday,0,Cerah,107,76
2026-06-21,Ayam Crispy,12000,Sunday,1,Hujan,54,54
2026-06-22,Paha Ayam,10000,Monday,0,Hujan,90,38
2026-06-23,Dada Ayam,11000,Tuesday,0,Hujan,52,27
2026-06-24,Dada Ayam,11000,Wednesday,0,Mendung,88,50
2026-06-25,Ayam Geprek,15000,Thursday,1,Cerah,109,63
2026-06-26,Paha Ayam,10000,Friday,0,Cerah,95,48
2026-06-27,Paha Ayam,10000,Saturday,0,Cerah,115,83
2026-06-28,Ayam Crispy,12000,Sunday,1,Cerah,90,83
2026-06-29,Paha Ayam,10000,Monday,1,Mendung,76,54
2026-06-30,Ayam Crispy,12000,Tuesday,1,Cerah,56,47
2026-07-01,Paha Ayam,10000,Wednesday,0,Hujan,97,36
2026-07-02,Ayam Geprek,15000,Thursday,0,Mendung,68,43
2026-07-03,Paha Ayam,10000,Friday,0,Hujan,72,38
2026-07-04,Ayam Crispy,12000,Saturday,1,Cerah,99,83
2026-07-05,Ayam Crispy,12000,Sunday,0,Hujan,94,54
2026-07-06,Ayam Geprek,15000,Monday,0,Hujan,49,20
2026-07-07,Paha Ayam,10000,Tuesday,0,Cerah,86,47
2026-07-08,Paha Ayam,10000,Wednesday,1,Mendung,62,48
2026-07-09,Ayam Geprek,15000,Thursday,0,Mendung,60,26
2026-07-10,Paha Ayam,10000,Friday,0,Cerah,52,41
2026-07-11,Paha Ayam,10000,Saturday,0,Mendung,72,50
2026-07-12,Ayam Crispy,12000,Sunday,0,Cerah,63,50
2026-07-13,Paha Ayam,10000,Monday,0,Cerah,50,36
2026-07-14,Paha Ayam,10000,Tuesday,0,Cerah,56,42
2026-07-15,Ayam Geprek,15000,Wednesday,0,Cerah,107,54
2026-07-16,Ayam Geprek,15000,Thursday,0,Cerah,86,39
2026-07-17,Dada Ayam,11000,Friday,0,Cerah,64,36
2026-07-18,Ayam Crispy,12000,Saturday,0,Hujan,112,56
2026-07-19,Paha Ayam,10000,Sunday,0,Mendung,60,51
2026-07-20,Paha Ayam,10000,Monday,0,Hujan,51,29
2026-07-21,Dada Ayam,11000,Tuesday,0,Cerah,76,29
2026-07-22,Paha Ayam,10000,Wednesday,0,Cerah,81,41
2026-07-23,Ayam Crispy,12000,Thursday,0,Mendung,56,32
2026-07-24,Dada Ayam,11000,Friday,0,Cerah,87,39
2026-07-25,Ayam Crispy,12000,Saturday,1,Cerah,67,67
2026-07-26,Dada Ayam,11000,Sunday,0,Mendung,80,51
2026-07-27,Dada Ayam,11000,Monday,1,Cerah,86,54
2026-07-28,Ayam Geprek,15000,Tuesday,0,Mendung,57,39
2026-07-29,Ayam Crispy,12000,Wednesday,0,Mendung,117,63
2026-07-30,Paha Ayam,10000,Thursday,1,Cerah,110,68
2026-07-31,Paha Ayam,10000,Friday,0,Cerah,52,27
2026-08-01,Ayam Crispy,12000,Saturday,0,Mendung,52,45
2026-08-02,Paha Ayam,10000,Sunday,0,Cerah,70,60
2026-08-03,Paha Ayam,10000,Monday,0,Cerah,41,30
2026-08-04,Ayam Crispy,12000,Tuesday,1,Hujan,55,39
2026-08-05,Dada Ayam,11000,Wednesday,1,Cerah,48,48
2026-08-06,Ayam Crispy,12000,Thursday,1,Mendung,112,69
2026-08-07,Dada Ayam,11000,Friday,0,Hujan,77,40
2026-08-08,Paha Ayam,10000,Saturday,1,Cerah,114,81
2026-08-09,Paha Ayam,10000,Sunday,1,Cerah,93,73
2026-08-10,Paha Ayam,10000,Monday,0,Cerah,95,41
2026-08-11,Ayam Geprek,15000,Tuesday,0,Cerah,84,42
2026-08-12,Dada Ayam,11000,Wednesday,1,Cerah,73,50
2026-08-13,Ayam Geprek,15000,Thursday,0,Mendung,48,33
2026-08-14,Ayam Geprek,15000,Friday,1,Cerah,47,47
2026-08-15,Ayam Crispy,12000,Saturday,0,Mendung,46,41
2026-08-16,Ayam Geprek,15000,Sunday,1,Hujan,75,64
2026-08-17,Ayam Crispy,12000,Monday,0,Hujan,57,33
2026-08-18,Ayam Crispy,12000,Tuesday,0,Mendung,42,31
2026-08-19,Ayam Geprek,15000,Wednesday,0,Cerah,67,26
2026-08-20,Dada Ayam,11000,Thursday,1,Mendung,109,78
2026-08-21,Dada Ayam,11000,Friday,0,Mendung,83,48
2026-08-22,Dada Ayam,11000,Saturday,0,Cerah,60,60
2026-08-23,Dada Ayam,11000,Sunday,0,Cerah,67,59
2026-08-24,Dada Ayam,11000,Monday,1,Hujan,93,59
2026-08-25,Ayam Geprek,15000,Tuesday,0,Cerah,93,49
2026-08-26,Ayam Geprek,15000,Wednesday,1,Cerah,104,65
2026-08-27,Paha Ayam,10000,Thursday,0,Cerah,60,38
2026-08-28,Dada Ayam,11000,Friday,0,Cerah,52,30
2026-08-29,Ayam Geprek,15000,Saturday,0,Hujan,96,56
2026-08-30,Paha Ayam,10000,Sunday,0,Mendung,88,48
2026-08-31,Dada Ayam,11000,Monday,1,Mendung,93,63
2026-09-01,Ayam Crispy,12000,Tuesday,0,Cerah,49,39
2026-09-02,Paha Ayam,10000,Wednesday,0,Cerah,92,48
2026-09-03,Ayam Geprek,15000,Thursday,1,Cerah,83,68
2026-09-04,Ayam Crispy,12000,Friday,0,Cerah,86,44
2026-09-05,Ayam Crispy,12000,Saturday,0,Cerah,92,67
2026-09-06,Ayam Crispy,12000,Sunday,1,Mendung,113,80
2026-09-07,Paha Ayam,10000,Monday,0,Cerah,85,50
2026-09-08,Ayam Geprek,15000,Tuesday,0,Mendung,52,34
2026-09-09,Ayam Crispy,12000,Wednesday,1,Cerah,76,56
2026-09-10,Dada Ayam,11000,Thursday,0,Cerah,63,24
2026-09-11,Ayam Crispy,12000,Friday,0,Cerah,41,28
2026-09-12,Ayam Crispy,12000,Saturday,0,Hujan,120,63
2026-09-13,Paha Ayam,10000,Sunday,1,Hujan,53,53
2026-09-14,Paha Ayam,10000,Monday,0,Hujan,49,30
2026-09-15,Ayam Geprek,15000,Tuesday,0,Cerah,74,51
2026-09-16,Dada Ayam,11000,Wednesday,1,Cerah,64,59
2026-09-17,Paha Ayam,10000,Thursday,1,Mendung,42,42
2026-09-18,Ayam Crispy,12000,Friday,0,Cerah,56,33
2026-09-19,Ayam Geprek,15000,Saturday,0,Hujan,51,42
2026-09-20,Ayam Crispy,12000,Sunday,0,Cerah,93,65
2026-09-21,Ayam Crispy,12000,Monday,1,Cerah,63,60
2026-09-22,Paha Ayam,10000,Tuesday,0,Cerah,68,51
2026-09-23,Ayam Geprek,15000,Wednesday,0,Cerah,82,55
2026-09-24,Dada Ayam,11000,Thursday,1,Mendung,64,60
2026-09-25,Dada Ayam,11000,Friday,1,Cerah,99,67
2026-09-26,Paha Ayam,10000,Saturday,0,Cerah,104,73
2026-09-27,Paha Ayam,10000,Sunday,1,Cerah,67,67
2026-09-28,Ayam Geprek,15000,Monday,0,Cerah,55,34
2026-09-29,Dada Ayam,11000,Tuesday,1,Mendung,86,57
2026-09-30,Dada Ayam,11000,Wednesday,0,Hujan,120,43
2026-10-01,Dada Ayam,11000,Thursday,0,Hujan,97,35
2026-10-02,Ayam Crispy,12000,Friday,1,Mendung,115,63
2026-10-03,Dada Ayam,11000,Saturday,0,Cerah,66,54
2026-10-04,Ayam Crispy,12000,Sunday,0,Mendung,92,57
2026-10-05,Ayam Geprek,15000,Monday,1,Cerah,81,54
2026-10-06,Ayam Crispy,12000,Tuesday,1,Cerah,98,68
2026-10-07,Ayam Geprek,15000,Wednesday,0,Hujan,86,36
2026-10-08,Dada Ayam,11000,Thursday,0,Cerah,73,43
2026-10-09,Dada Ayam,11000,Friday,0,Hujan,76,38
2026-10-10,Ayam Geprek,15000,Saturday,0,Cerah,45,45
2026-10-11,Paha Ayam,10000,Sunday,0,Mendung,46,46
2026-10-12,Ayam Geprek,15000,Monday,0,Mendung,64,38
2026-10-13,Paha Ayam,10000,Tuesday,1,Hujan,72,53
2026-10-14,Ayam Crispy,12000,Wednesday,0,Mendung,94,50
2026-10-15,Ayam Crispy,12000,Thursday,0,Mendung,97,50
2026-10-16,Ayam Crispy,12000,Friday,0,Cerah,46,38
2026-10-17,Dada Ayam,11000,Saturday,1,Mendung,96,74
2026-10-18,Ayam Crispy,12000,Sunday,0,Cerah,51,51
2026-10-19,Paha Ayam,10000,Monday,0,Mendung,55,33
2026-10-20,Ayam Crispy,12000,Tuesday,0,Mendung,119,51
2026-10-21,Ayam Geprek,15000,Wednesday,0,Mendung,82,47
2026-10-22,Ayam Geprek,15000,Thursday,0,Cerah,116,54
2026-10-23,Dada Ayam,11000,Friday,1,Cerah,46,46
2026-10-24,Ayam Geprek,15000,Saturday,1,Mendung,90,74
2026-10-25,Paha Ayam,10000,Sunday,0,Cerah,112,71
2026-10-26,Ayam Crispy,12000,Monday,0,Cerah,71,33
2026-10-27,Dada Ayam,11000,Tuesday,1,Cerah,114,74
2026-10-28,Ayam Crispy,12000,Wednesday,1,Hujan,47,33
2026-10-29,Ayam Crispy,12000,Thursday,0,Mendung,111,57
2026-10-30,Paha Ayam,10000,Friday,0,Cerah,84,42
2026-10-31,Ayam Geprek,15000,Saturday,0,Cerah,98,54
2026-11-01,Ayam Geprek,15000,Sunday,0,Cerah,43,43
2026-11-02,Ayam Crispy,12000,Monday,1,Mendung,106,68
2026-11-03,Dada Ayam,11000,Tuesday,1,Mendung,68,58
2026-11-04,Ayam Geprek,15000,Wednesday,1,Cerah,68,62
2026-11-05,Dada Ayam,11000,Thursday,0,Cerah,67,48
2026-11-06,Ayam Geprek,15000,Friday,0,Cerah,116,60
2026-11-07,Dada Ayam,11000,Saturday,1,Mendung,118,88
2026-11-08,Paha Ayam,10000,Sunday,1,Mendung,83,67
2026-11-09,Dada Ayam,11000,Monday,0,Cerah,43,31
2026-11-10,Paha Ayam,10000,Tuesday,1,Cerah,48,48
2026-11-11,Paha Ayam,10000,Wednesday,1,Cerah,44,44
2026-11-12,Dada Ayam,11000,Thursday,0,Hujan,95,41
2026-11-13,Paha Ayam,10000,Friday,0,Cerah,89,52
2026-11-14,Ayam Crispy,12000,Saturday,0,Mendung,114,66
2026-11-15,Paha Ayam,10000,Sunday,0,Mendung,54,45
2026-11-16,Ayam Geprek,15000,Monday,0,Cerah,71,39
2026-11-17,Dada Ayam,11000,Tuesday,1,Cerah,67,50
2026-11-18,Ayam Crispy,12000,Wednesday,0,Cerah,61,28
2026-11-19,Dada Ayam,11000,Thursday,0,Mendung,56,30
2026-11-20,Ayam Geprek,15000,Friday,0,Mendung,98,43
2026-11-21,Ayam Geprek,15000,Saturday,0,Mendung,110,75
2026-11-22,Ayam Geprek,15000,Sunday,1,Mendung,96,87
2026-11-23,Paha Ayam,10000,Monday,0,Cerah,65,32
2026-11-24,Paha Ayam,10000,Tuesday,0,Hujan,64,30
2026-11-25,Dada Ayam,11000,Wednesday,1,Mendung,49,49
2026-11-26,Dada Ayam,11000,Thursday,0,Cerah,84,37
2026-11-27,Ayam Crispy,12000,Friday,0,Hujan,50,23
2026-11-28,Ayam Crispy,12000,Saturday,0,Mendung,116,83
2026-11-29,Dada Ayam,11000,Sunday,0,Mendung,92,66
2026-11-30,Paha Ayam,10000,Monday,0,Mendung,111,53
2026-12-01,Ayam Geprek,15000,Tuesday,0,Hujan,107,40
2026-12-02,Dada Ayam,11000,Wednesday,0,Mendung,67,28
2026-12-03,Ayam Crispy,12000,Thursday,1,Cerah,114,72
2026-12-04,Paha Ayam,10000,Friday,0,Cerah,104,61
2026-12-05,Dada Ayam,11000,Saturday,0,Hujan,88,47
2026-12-06,Dada Ayam,11000,Sunday,0,Cerah,86,50
2026-12-07,Paha Ayam,10000,Monday,0,Cerah,91,44
2026-12-08,Dada Ayam,11000,Tuesday,0,Cerah,93,52
2026-12-09,Paha Ayam,10000,Wednesday,0,Cerah,99,48
2026-12-10,Ayam Geprek,15000,Thursday,1,Mendung,96,59
2026-12-11,Paha Ayam,10000,Friday,0,Hujan,86,35
2026-12-12,Paha Ayam,10000,Saturday,0,Cerah,70,56
2026-12-13,Paha Ayam,10000,Sunday,0,Cerah,85,53
2026-12-14,Dada Ayam,11000,Monday,1,Cerah,65,52
2026-12-15,Dada Ayam,11000,Tuesday,0,Hujan,44,18
2026-12-16,Paha Ayam,10000,Wednesday,0,Mendung,91,44
2026-12-17,Dada Ayam,11000,Thursday,0,Cerah,114,50
2026-12-18,Ayam Crispy,12000,Friday,1,Hujan,93,57
2026-12-19,Ayam Crispy,12000,Saturday,0,Hujan,72,42
2026-12-20,Dada Ayam,11000,Sunday,1,Hujan,89,56
2026-12-21,Dada Ayam,11000,Monday,0,Hujan,77,33
2026-12-22,Paha Ayam,10000,Tuesday,0,Cerah,66,42
2026-12-23,Ayam Geprek,15000,Wednesday,0,Mendung,54,30
2026-12-24,Dada Ayam,11000,Thursday,0,Cerah,100,47
2026-12-25,Ayam Crispy,12000,Friday,0,Hujan,60,23
2026-12-26,Paha Ayam,10000,Saturday,0,Mendung,85,58
2026-12-27,Dada Ayam,11000,Sunday,1,Mendung,108,88
2026-12-28,Ayam Crispy,12000,Monday,0,Mendung,45,30
2026-12-29,Ayam Crispy,12000,Tuesday,0,Cerah,77,46
2026-12-30,Ayam Geprek,15000,Wednesday,0,Mendung,101,46
2026-12-31,Paha Ayam,10000,Thursday,0,Hujan,101,38
2027-01-01,Paha Ayam,10000,Friday,0,Hujan,117,51
2027-01-02,Ayam Geprek,15000,Saturday,0,Cerah,113,66
2027-01-03,Ayam Geprek,15000,Sunday,0,Cerah,85,65
2027-01-04,Paha Ayam,10000,Monday,1,Cerah,52,45
2027-01-05,Paha Ayam,10000,Tuesday,1,Mendung,42,42
2027-01-06,Dada Ayam,11000,Wednesday,0,Hujan,45,29
2027-01-07,Dada Ayam,11000,Thursday,0,Cerah,47,29
2027-01-08,Ayam Geprek,15000,Friday,0,Mendung,83,45
2027-01-09,Dada Ayam,11000,Saturday,0,Hujan,72,48
2027-01-10,Ayam Crispy,12000,Sunday,0,Mendung,120,73
2027-01-11,Dada Ayam,11000,Monday,0,Mendung,114,56
2027-01-12,Dada Ayam,11000,Tuesday,1,Mendung,116,70
2027-01-13,Ayam Crispy,12000,Wednesday,0,Mendung,89,40
2027-01-14,Ayam Geprek,15000,Thursday,0,Cerah,50,34
2027-01-15,Ayam Crispy,12000,Friday,0,Mendung,67,35
2027-01-16,Dada Ayam,11000,Saturday,0,Mendung,109,72
2027-01-17,Ayam Geprek,15000,Sunday,0,Hujan,80,55
2027-01-18,Dada Ayam,11000,Monday,0,Mendung,55,25
2027-01-19,Ayam Crispy,12000,Tuesday,0,Mendung,107,59
2027-01-20,Ayam Crispy,12000,Wednesday,1,Cerah,87,58
2027-01-21,Dada Ayam,11000,Thursday,0,Cerah,95,48
2027-01-22,Paha Ayam,10000,Friday,0,Cerah,103,46
2027-01-23,Paha Ayam,10000,Saturday,0,Cerah,98,65
2027-01-24,Ayam Crispy,12000,Sunday,0,Mendung,101,66
2027-01-25,Ayam Crispy,12000,Monday,0,Hujan,115,51
2027-01-26,Paha Ayam,10000,Tuesday,1,Cerah,50,44
2027-01-27,Paha Ayam,10000,Wednesday,1,Cerah,57,57
2027-01-28,Dada Ayam,11000,Thursday,1,Hujan,58,44
2027-01-29,Dada Ayam,11000,Friday,0,Cerah,94,48
2027-01-30,Paha Ayam,10000,Saturday,0,Mendung,65,52
2027-01-31,Dada Ayam,11000,Sunday,0,Mendung,45,44
2027-02-01,Dada Ayam,11000,Monday,0,Mendung,43,29
2027-02-02,Ayam Geprek,15000,Tuesday,1,Cerah,68,55
2027-02-03,Dada Ayam,11000,Wednesday,0,Cerah,98,48
2027-02-04,Ayam Crispy,12000,Thursday,0,Mendung,56,31
2027-02-05,Dada Ayam,11000,Friday,0,Mendung,82,45
2027-02-06,Dada Ayam,11000,Saturday,0,Cerah,119,67
2027-02-07,Paha Ayam,10000,Sunday,0,Mendung,105,68
2027-02-08,Ayam Crispy,12000,Monday,0,Cerah,73,39
2027-02-09,Dada Ayam,11000,Tuesday,0,Mendung,47,35
2027-02-10,Dada Ayam,11000,Wednesday,1,Cerah,52,52
2027-02-11,Ayam Geprek,15000,Thursday,1,Hujan,47,41
2027-02-12,Dada Ayam,11000,Friday,0,Cerah,104,53
2027-02-13,Dada Ayam,11000,Saturday,0,Cerah,82,61
2027-02-14,Ayam Geprek,15000,Sunday,0,Cerah,78,56
2027-02-15,Paha Ayam,10000,Monday,0,Cerah,120,60
2027-02-16,Dada Ayam,11000,Tuesday,0,Hujan,98,43
2027-02-17,Ayam Geprek,15000,Wednesday,0,Hujan,83,26
2027-02-18,Ayam Crispy,12000,Thursday,0,Cerah,48,34
2027-02-19,Paha Ayam,10000,Friday,0,Cerah,76,48
2027-02-20,Ayam Crispy,12000,Saturday,0,Mendung,113,68
2027-02-21,Ayam Crispy,12000,Sunday,0,Hujan,75,43
2027-02-22,Ayam Geprek,15000,Monday,1,Mendung,67,51
2027-02-23,Dada Ayam,11000,Tuesday,1,Cerah,81,51
2027-02-24,Ayam Geprek,15000,Wednesday,0,Cerah,82,44
2027-02-25,Ayam Geprek,15000,Thursday,1,Mendung,81,58
2027-02-26,Ayam Geprek,15000,Friday,0,Cerah,105,53
2027-02-27,Ayam Geprek,15000,Saturday,1,Mendung,94,80
2027-02-28,Paha Ayam,10000,Sunday,1,Cerah,111,80
2027-03-01,Dada Ayam,11000,Monday,0,Mendung,87,47
2027-03-02,Ayam Crispy,12000,Tuesday,0,Cerah,61,39
2027-03-03,Ayam Crispy,12000,Wednesday,0,Mendung,66,36
2027-03-04,Dada Ayam,11000,Thursday,0,Cerah,106,54
2027-03-05,Ayam Crispy,12000,Friday,0,Mendung,52,34
2027-03-06,Dada Ayam,11000,Saturday,0,Cerah,84,56
2027-03-07,Ayam Crispy,12000,Sunday,0,Mendung,49,49
2027-03-08,Ayam Geprek,15000,Monday,1,Mendung,48,45
2027-03-09,Ayam Crispy,12000,Tuesday,1,Mendung,93,66
2027-03-10,Dada Ayam,11000,Wednesday,0,Mendung,66,37
2027-03-11,Dada Ayam,11000,Thursday,0,Mendung,73,34
2027-03-12,Dada Ayam,11000,Friday,0,Hujan,40,20
2027-03-13,Dada Ayam,11000,Saturday,0,Cerah,71,56
2027-03-14,Dada Ayam,11000,Sunday,1,Hujan,110,68
2027-03-15,Paha Ayam,10000,Monday,0,Cerah,106,56
2027-03-16,Paha Ayam,10000,Tuesday,0,Cerah,59,39
2027-03-17,Ayam Crispy,12000,Wednesday,0,Cerah,74,37
2027-03-18,Dada Ayam,11000,Thursday,0,Cerah,117,53
2027-03-19,Ayam Crispy,12000,Friday,0,Mendung,56,34
2027-03-20,Dada Ayam,11000,Saturday,1,Mendung,57,57
2027-03-21,Dada Ayam,11000,Sunday,0,Mendung,84,63
2027-03-22,Paha Ayam,10000,Monday,0,Mendung,92,48
2027-03-23,Paha Ayam,10000,Tuesday,0,Cerah,107,47
2027-03-24,Ayam Geprek,15000,Wednesday,1,Cerah,104,62
2027-03-25,Paha Ayam,10000,Thursday,1,Cerah,40,40
2027-03-26,Ayam Geprek,15000,Friday,0,Cerah,97,57
2027-03-27,Ayam Geprek,15000,Saturday,0,Cerah,65,55
2027-03-28,Ayam Geprek,15000,Sunday,0,Cerah,59,50
2027-03-29,Ayam Geprek,15000,Monday,0,Mendung,49,30
2027-03-30,Ayam Geprek,15000,Tuesday,1,Mendung,98,67
2027-03-31,Ayam Crispy,12000,Wednesday,0,Hujan,114,45
2027-04-01,Paha Ayam,10000,Thursday,0,Hujan,80,25
2027-04-02,Ayam Geprek,15000,Friday,0,Mendung,44,36
2027-04-03,Dada Ayam,11000,Saturday,0,Cerah,104,73
2027-04-04,Paha Ayam,10000,Sunday,0,Mendung,56,53
2027-04-05,Paha Ayam,10000,Monday,1,Mendung,61,46
2027-04-06,Ayam Geprek,15000,Tuesday,0,Cerah,80,40
2027-04-07,Ayam Crispy,12000,Wednesday,0,Cerah,107,43
2027-04-08,Ayam Geprek,15000,Thursday,0,Hujan,108,51
2027-04-09,Ayam Crispy,12000,Friday,0,Cerah,50,31
2027-04-10,Dada Ayam,11000,Saturday,0,Mendung,95,75
2027-04-11,Paha Ayam,10000,Sunday,0,Mendung,90,71
2027-04-12,Dada Ayam,11000,Monday,1,Cerah,60,46
2027-04-13,Ayam Crispy,12000,Tuesday,0,Cerah,115,52
2027-04-14,Ayam Crispy,12000,Wednesday,0,Cerah,65,40
2027-04-15,Dada Ayam,11000,Thursday,0,Cerah,58,27
2027-04-16,Ayam Crispy,12000,Friday,0,Cerah,99,47
2027-04-17,Dada Ayam,11000,Saturday,1,Hujan,110,71
2027-04-18,Paha Ayam,10000,Sunday,1,Cerah,86,84
2027-04-19,Dada Ayam,11000,Monday,0,Mendung,110,54
2027-04-20,Paha Ayam,10000,Tuesday,0,Cerah,65,36
2027-04-21,Dada Ayam,11000,Wednesday,0,Hujan,79,29
2027-04-22,Ayam Crispy,12000,Thursday,0,Cerah,44,35
2027-04-23,Dada Ayam,11000,Friday,0,Cerah,60,34
2027-04-24,Ayam Crispy,12000,Saturday,0,Hujan,117,61
2027-04-25,Dada Ayam,11000,Sunday,0,Hujan,43,32
2027-04-26,Dada Ayam,11000,Monday,0,Cerah,62,29
2027-04-27,Ayam Geprek,15000,Tuesday,1,Hujan,54,34
2027-04-28,Ayam Crispy,12000,Wednesday,0,Cerah,47,29
2027-04-29,Ayam Geprek,15000,Thursday,0,Cerah,80,42
2027-04-30,Ayam Crispy,12000,Friday,1,Cerah,58,49
2027-05-01,Ayam Geprek,15000,Saturday,0,Cerah,85,59
2027-05-02,Paha Ayam,10000,Sunday,0,Mendung,67,51
2027-05-03,Dada Ayam,11000,Monday,0,Cerah,107,59
2027-05-04,Ayam Crispy,12000,Tuesday,0,Cerah,54,39
2027-05-05,Ayam Crispy,12000,Wednesday,1,Mendung,76,56
2027-05-06,Dada Ayam,11000,Thursday,1,Mendung,40,40
2027-05-07,Ayam Crispy,12000,Friday,0,Cerah,106,50
2027-05-08,Ayam Crispy,12000,Saturday,0,Mendung,63,38
2027-05-09,Ayam Geprek,15000,Sunday,0,Cerah,66,53
2027-05-10,Ayam Crispy,12000,Monday,0,Mendung,79,44
2027-05-11,Paha Ayam,10000,Tuesday,0,Mendung,102,43
2027-05-12,Paha Ayam,10000,Wednesday,1,Hujan,100,57
2027-05-13,Dada Ayam,11000,Thursday,0,Cerah,75,40
2027-05-14,Ayam Crispy,12000,Friday,1,Cerah,63,54
2027-05-15,Dada Ayam,11000,Saturday,0,Cerah,63,51
2027-05-16,Paha Ayam,10000,Sunday,0,Cerah,43,43
2027-05-17,Ayam Crispy,12000,Monday,0,Cerah,106,53
2027-05-18,Ayam Crispy,12000,Tuesday,1,Hujan,73,51
2027-05-19,Dada Ayam,11000,Wednesday,1,Cerah,96,69
2027-05-20,Paha Ayam,10000,Thursday,1,Cerah,88,55
2027-05-21,Ayam Crispy,12000,Friday,0,Mendung,92,44
2027-05-22,Dada Ayam,11000,Saturday,0,Cerah,62,54
2027-05-23,Paha Ayam,10000,Sunday,1,Mendung,108,81
2027-05-24,Dada Ayam,11000,Monday,0,Cerah,92,46
2027-05-25,Ayam Geprek,15000,Tuesday,0,Cerah,101,57
2027-05-26,Ayam Crispy,12000,Wednesday,0,Cerah,80,41
2027-05-27,Ayam Geprek,15000,Thursday,1,Cerah,96,59
2027-05-28,Paha Ayam,10000,Friday,1,Hujan,99,50
2027-05-29,Ayam Geprek,15000,Saturday,0,Cerah,93,73
2027-05-30,Ayam Geprek,15000,Sunday,1,Mendung,109,82
2027-05-31,Paha Ayam,10000,Monday,1,Cerah,96,57
2027-06-01,Dada Ayam,11000,Tuesday,0,Cerah,49,23
2027-06-02,Ayam Geprek,15000,Wednesday,0,Hujan,79,30
2027-06-03,Dada Ayam,11000,Thursday,1,Cerah,46,45
2027-06-04,Ayam Geprek,15000,Friday,0,Mendung,77,47
2027-06-05,Dada Ayam,11000,Saturday,0,Hujan,100,59
2027-06-06,Paha Ayam,10000,Sunday,0,Mendung,42,42
2027-06-07,Ayam Geprek,15000,Monday,1,Hujan,90,49
2027-06-08,Paha Ayam,10000,Tuesday,1,Cerah,86,62
2027-06-09,Ayam Geprek,15000,Wednesday,1,Cerah,107,59
2027-06-10,Paha Ayam,10000,Thursday,0,Cerah,115,65
2027-06-11,Paha Ayam,10000,Friday,1,Mendung,77,60
2027-06-12,Ayam Geprek,15000,Saturday,1,Hujan,75,66
2027-06-13,Ayam Geprek,15000,Sunday,0,Cerah,80,53
2027-06-14,Ayam Geprek,15000,Monday,1,Mendung,108,74
2027-06-15,Ayam Crispy,12000,Tuesday,0,Cerah,52,31
2027-06-16,Dada Ayam,11000,Wednesday,0,Mendung,97,44
2027-06-17,Ayam Crispy,12000,Thursday,0,Cerah,89,46
2027-06-18,Ayam Crispy,12000,Friday,0,Hujan,69,29
2027-06-19,Paha Ayam,10000,Saturday,0,Mendung,101,60
2027-06-20,Ayam Geprek,15000,Sunday,0,Cerah,64,48
2027-06-21,Dada Ayam,11000,Monday,0,Cerah,66,33
2027-06-22,Paha Ayam,10000,Tuesday,1,Cerah,90,57
2027-06-23,Ayam Crispy,12000,Wednesday,0,Cerah,117,54
2027-06-24,Ayam Geprek,15000,Thursday,0,Cerah,96,42
2027-06-25,Paha Ayam,10000,Friday,0,Hujan,86,32
2027-06-26,Ayam Geprek,15000,Saturday,1,Mendung,78,78
2027-06-27,Paha Ayam,10000,Sunday,0,Mendung,55,53
2027-06-28,Ayam Geprek,15000,Monday,0,Cerah,61,31
2027-06-29,Ayam Crispy,12000,Tuesday,1,Hujan,93,57
2027-06-30,Dada Ayam,11000,Wednesday,0,Mendung,60,26
2027-07-01,Ayam Crispy,12000,Thursday,0,Cerah,111,66
2027-07-02,Dada Ayam,11000,Friday,0,Mendung,55,41
2027-07-03,Ayam Geprek,15000,Saturday,1,Mendung,98,77
2027-07-04,Paha Ayam,10000,Sunday,0,Cerah,70,56
2027-07-05,Ayam Crispy,12000,Monday,1,Cerah,81,51
2027-07-06,Dada Ayam,11000,Tuesday,0,Cerah,113,55
2027-07-07,Ayam Crispy,12000,Wednesday,1,Cerah,71,54
2027-07-08,Dada Ayam,11000,Thursday,1,Hujan,98,50
2027-07-09,Ayam Crispy,12000,Friday,1,Hujan,73,43
2027-07-10,Dada Ayam,11000,Saturday,0,Mendung,48,44
2027-07-11,Dada Ayam,11000,Sunday,1,Cerah,120,81
2027-07-12,Ayam Geprek,15000,Monday,0,Cerah,50,28
2027-07-13,Dada Ayam,11000,Tuesday,0,Mendung,49,25
2027-07-14,Ayam Geprek,15000,Wednesday,0,Mendung,56,39
2027-07-15,Dada Ayam,11000,Thursday,1,Cerah,107,63
2027-07-16,Paha Ayam,10000,Friday,1,Mendung,87,54
2027-07-17,Paha Ayam,10000,Saturday,1,Hujan,91,71
2027-07-18,Paha Ayam,10000,Sunday,0,Cerah,64,54
2027-07-19,Dada Ayam,11000,Monday,0,Cerah,60,40
2027-07-20,Ayam Geprek,15000,Tuesday,1,Mendung,104,71
2027-07-21,Ayam Geprek,15000,Wednesday,0,Cerah,102,60
2027-07-22,Dada Ayam,11000,Thursday,0,Cerah,90,46
2027-07-23,Paha Ayam,10000,Friday,0,Cerah,75,34
2027-07-24,Paha Ayam,10000,Saturday,0,Cerah,120,73
2027-07-25,Ayam Geprek,15000,Sunday,0,Mendung,105,63
2027-07-26,Paha Ayam,10000,Monday,0,Mendung,54,29
2027-07-27,Ayam Crispy,12000,Tuesday,0,Cerah,78,43
2027-07-28,Ayam Geprek,15000,Wednesday,0,Hujan,109,47
2027-07-29,Paha Ayam,10000,Thursday,1,Hujan,40,30
2027-07-30,Ayam Geprek,15000,Friday,0,Hujan,62,33
2027-07-31,Ayam Crispy,12000,Saturday,0,Cerah,78,52
2027-08-01,Ayam Geprek,15000,Sunday,0,Cerah,96,62
2027-08-02,Ayam Geprek,15000,Monday,0,Hujan,120,49
2027-08-03,Ayam Geprek,15000,Tuesday,1,Mendung,73,54
2027-08-04,Ayam Geprek,15000,Wednesday,1,Cerah,80,49
2027-08-05,Ayam Crispy,12000,Thursday,0,Cerah,112,59
2027-08-06,Dada Ayam,11000,Friday,0,Cerah,52,30
2027-08-07,Ayam Geprek,15000,Saturday,1,Hujan,109,77
2027-08-08,Ayam Geprek,15000,Sunday,1,Mendung,45,45
2027-08-09,Paha Ayam,10000,Monday,0,Cerah,91,41
2027-08-10,Ayam Geprek,15000,Tuesday,0,Cerah,42,34
2027-08-11,Paha Ayam,10000,Wednesday,0,Mendung,120,59
2027-08-12,Dada Ayam,11000,Thursday,1,Hujan,102,54
2027-08-13,Ayam Crispy,12000,Friday,0,Cerah,88,48
2027-08-14,Ayam Crispy,12000,Saturday,1,Mendung,115,80
2027-08-15,Dada Ayam,11000,Sunday,0,Hujan,86,51
2027-08-16,Ayam Crispy,12000,Monday,0,Cerah,94,49
2027-08-17,Dada Ayam,11000,Tuesday,0,Mendung,103,49
2027-08-18,Dada Ayam,11000,Wednesday,0,Cerah,104,47
2027-08-19,Dada Ayam,11000,Thursday,0,Mendung,120,57
2027-08-20,Ayam Crispy,12000,Friday,0,Mendung,106,52
2027-08-21,Paha Ayam,10000,Saturday,0,Mendung,54,47
2027-08-22,Dada Ayam,11000,Sunday,1,Mendung,71,65
2027-08-23,Ayam Geprek,15000,Monday,0,Cerah,107,53
2027-08-24,Ayam Crispy,12000,Tuesday,0,Hujan,57,23
2027-08-25,Dada Ayam,11000,Wednesday,1,Mendung,82,54
2027-08-26,Dada Ayam,11000,Thursday,1,Cerah,74,56
2027-08-27,Ayam Geprek,15000,Friday,1,Mendung,117,79
2027-08-28,Paha Ayam,10000,Saturday,1,Mendung,97,77
2027-08-29,Paha Ayam,10000,Sunday,0,Cerah,72,63
2027-08-30,Paha Ayam,10000,Monday,0,Hujan,53,34
2027-08-31,Dada Ayam,11000,Tuesday,1,Hujan,73,41
2027-09-01,Dada Ayam,11000,Wednesday,0,Cerah,100,50
2027-09-02,Dada Ayam,11000,Thursday,0,Hujan,43,31
2027-09-03,Ayam Crispy,12000,Friday,1,Cerah,98,64
2027-09-04,Ayam Geprek,15000,Saturday,0,Cerah,68,54
2027-09-05,Dada Ayam,11000,Sunday,0,Cerah,45,37
2027-09-06,Ayam Geprek,15000,Monday,0,Hujan,88,33
2027-09-07,Ayam Geprek,15000,Tuesday,0,Mendung,79,45
2027-09-08,Paha Ayam,10000,Wednesday,0,Cerah,104,64
2027-09-09,Ayam Crispy,12000,Thursday,0,Cerah,108,52
2027-09-10,Dada Ayam,11000,Friday,1,Mendung,66,45
2027-09-11,Paha Ayam,10000,Saturday,0,Cerah,119,65
2027-09-12,Paha Ayam,10000,Sunday,0,Hujan,45,36
2027-09-13,Dada Ayam,11000,Monday,1,Hujan,52,44
2027-09-14,Ayam Geprek,15000,Tuesday,1,Mendung,103,69
2027-09-15,Paha Ayam,10000,Wednesday,1,Hujan,101,58
2027-09-16,Ayam Geprek,15000,Thursday,1,Cerah,58,57
2027-09-17,Ayam Crispy,12000,Friday,0,Hujan,115,42
2027-09-18,Ayam Geprek,15000,Saturday,0,Mendung,119,72
2027-09-19,Ayam Crispy,12000,Sunday,0,Mendung,82,56
2027-09-20,Ayam Geprek,15000,Monday,0,Cerah,113,53
2027-09-21,Paha Ayam,10000,Tuesday,0,Hujan,59,21
2027-09-22,Paha Ayam,10000,Wednesday,0,Cerah,107,51
2027-09-23,Ayam Crispy,12000,Thursday,1,Cerah,83,59
2027-09-24,Dada Ayam,11000,Friday,0,Cerah,62,35
2027-09-25,Ayam Crispy,12000,Saturday,0,Mendung,41,41
2027-09-26,Ayam Crispy,12000,Sunday,0,Mendung,61,53
2027-09-27,Ayam Geprek,15000,Monday,0,Mendung,96,55
2027-09-28,Ayam Geprek,15000,Tuesday,0,Hujan,111,50
2027-09-29,Ayam Crispy,12000,Wednesday,1,Cerah,46,46
2027-09-30,Paha Ayam,10000,Thursday,0,Mendung,117,50
2027-10-01,Ayam Geprek,15000,Friday,0,Cerah,95,46
2027-10-02,Dada Ayam,11000,Saturday,0,Hujan,106,56
2027-10-03,Ayam Geprek,15000,Sunday,1,Hujan,55,51
2027-10-04,Ayam Geprek,15000,Monday,0,Mendung,90,48
2027-10-05,Dada Ayam,11000,Tuesday,0,Mendung,119,49
2027-10-06,Ayam Crispy,12000,Wednesday,0,Cerah,111,62
2027-10-07,Dada Ayam,11000,Thursday,0,Cerah,51,39
2027-10-08,Ayam Crispy,12000,Friday,1,Hujan,92,55
2027-10-09,Ayam Crispy,12000,Saturday,1,Cerah,114,85
2027-10-10,Ayam Crispy,12000,Sunday,0,Cerah,44,44
2027-10-11,Dada Ayam,11000,Monday,1,Cerah,66,57
2027-10-12,Ayam Crispy,12000,Tuesday,1,Hujan,51,43
2027-10-13,Paha Ayam,10000,Wednesday,1,Cerah,56,49
2027-10-14,Dada Ayam,11000,Thursday,1,Cerah,45,45
2027-10-15,Paha Ayam,10000,Friday,0,Mendung,44,36
2027-10-16,Ayam Crispy,12000,Saturday,0,Hujan,96,56
2027-10-17,Ayam Geprek,15000,Sunday,0,Cerah,67,60
2027-10-18,Ayam Crispy,12000,Monday,1,Cerah,117,69
2027-10-19,Paha Ayam,10000,Tuesday,0,Cerah,108,47
2027-10-20,Paha Ayam,10000,Wednesday,1,Cerah,98,66
2027-10-21,Dada Ayam,11000,Thursday,1,Cerah,72,55
2027-10-22,Ayam Geprek,15000,Friday,0,Mendung,101,49
2027-10-23,Dada Ayam,11000,Saturday,1,Mendung,89,82
2027-10-24,Paha Ayam,10000,Sunday,0,Mendung,58,51
2027-10-25,Ayam Crispy,12000,Monday,0,Cerah,108,54
2027-10-26,Ayam Geprek,15000,Tuesday,1,Hujan,105,55
2027-10-27,Ayam Crispy,12000,Wednesday,0,Cerah,86,50
2027-10-28,Ayam Crispy,12000,Thursday,1,Hujan,78,51
2027-10-29,Ayam Geprek,15000,Friday,1,Mendung,107,72
2027-10-30,Dada Ayam,11000,Saturday,0,Cerah,72,53
2027-10-31,Ayam Crispy,12000,Sunday,0,Mendung,52,52
2027-11-01,Paha Ayam,10000,Monday,0,Cerah,93,57
2027-11-02,Ayam Crispy,12000,Tuesday,0,Mendung,46,35
2027-11-03,Ayam Geprek,15000,Wednesday,1,Cerah,118,67
2027-11-04,Ayam Geprek,15000,Thursday,0,Cerah,53,30
2027-11-05,Ayam Geprek,15000,Friday,0,Hujan,58,23
2027-11-06,Dada Ayam,11000,Saturday,0,Cerah,93,60
2027-11-07,Ayam Crispy,12000,Sunday,0,Hujan,59,40
2027-11-08,Dada Ayam,11000,Monday,1,Cerah,68,57
2027-11-09,Dada Ayam,11000,Tuesday,0,Mendung,63,38
2027-11-10,Ayam Geprek,15000,Wednesday,1,Mendung,102,67
2027-11-11,Ayam Geprek,15000,Thursday,0,Mendung,113,53
2027-11-12,Dada Ayam,11000,Friday,1,Cerah,96,63
2027-11-13,Ayam Crispy,12000,Saturday,0,Cerah,47,47
2027-11-14,Paha Ayam,10000,Sunday,0,Cerah,101,55
2027-11-15,Dada Ayam,11000,Monday,1,Cerah,68,54
2027-11-16,Ayam Crispy,12000,Tuesday,0,Mendung,113,56
2027-11-17,Ayam Geprek,15000,Wednesday,1,Hujan,56,44
2027-11-18,Ayam Geprek,15000,Thursday,0,Hujan,105,37
2027-11-19,Ayam Crispy,12000,Friday,0,Mendung,45,25
2027-11-20,Paha Ayam,10000,Saturday,0,Mendung,97,67
2027-11-21,Ayam Geprek,15000,Sunday,1,Mendung,108,73
2027-11-22,Ayam Geprek,15000,Monday,0,Cerah,67,45
2027-11-23,Ayam Geprek,15000,Tuesday,0,Hujan,101,41
2027-11-24,Ayam Crispy,12000,Wednesday,0,Mendung,80,51
2027-11-25,Dada Ayam,11000,Thursday,0,Mendung,108,47
2027-11-26,Ayam Geprek,15000,Friday,0,Cerah,80,41
2027-11-27,Dada Ayam,11000,Saturday,1,Cerah,88,64
2027-11-28,Paha Ayam,10000,Sunday,1,Cerah,88,72
2027-11-29,Ayam Geprek,15000,Monday,1,Hujan,115,59
2027-11-30,Ayam Geprek,15000,Tuesday,1,Mendung,110,59
2027-12-01,Paha Ayam,10000,Wednesday,0,Cerah,42,28
2027-12-02,Ayam Geprek,15000,Thursday,1,Hujan,49,27
2027-12-03,Dada Ayam,11000,Friday,0,Cerah,74,40
2027-12-04,Ayam Crispy,12000,Saturday,0,Cerah,119,77
2027-12-05,Dada Ayam,11000,Sunday,0,Cerah,41,41
2027-12-06,Ayam Crispy,12000,Monday,0,Mendung,63,45
2027-12-07,Ayam Crispy,12000,Tuesday,1,Hujan,113,63
2027-12-08,Dada Ayam,11000,Wednesday,0,Cerah,77,49
2027-12-09,Dada Ayam,11000,Thursday,0,Hujan,61,23
2027-12-10,Dada Ayam,11000,Friday,0,Cerah,65,34
2027-12-11,Dada Ayam,11000,Saturday,1,Hujan,82,65
2027-12-12,Paha Ayam,10000,Sunday,0,Mendung,94,55
2027-12-13,Ayam Geprek,15000,Monday,0,Hujan,78,35
2027-12-14,Ayam Crispy,12000,Tuesday,0,Cerah,68,37
2027-12-15,Dada Ayam,11000,Wednesday,1,Hujan,59,47
2027-12-16,Dada Ayam,11000,Thursday,0,Mendung,80,46
2027-12-17,Dada Ayam,11000,Friday,0,Cerah,93,53
2027-12-18,Paha Ayam,10000,Saturday,0,Hujan,59,37
2027-12-19,Dada Ayam,11000,Sunday,0,Cerah,58,56
2027-12-20,Dada Ayam,11000,Monday,0,Hujan,105,49
2027-12-21,Dada Ayam,11000,Tuesday,0,Cerah,69,39
2027-12-22,Ayam Geprek,15000,Wednesday,1,Mendung,92,59
2027-12-23,Paha Ayam,10000,Thursday,0,Mendung,73,37
2027-12-24,Dada Ayam,11000,Friday,0,Cerah,61,43
2027-12-25,Ayam Crispy,12000,Saturday,1,Cerah,106,96
2027-12-26,Ayam Crispy,12000,Sunday,0,Cerah,45,41
2027-12-27,Ayam Crispy,12000,Monday,0,Cerah,118,51
2027-12-28,Paha Ayam,10000,Tuesday,0,Cerah,66,43
2027-12-29,Paha Ayam,10000,Wednesday,0,Mendung,49,28
2027-12-30,Ayam Crispy,12000,Thursday,1,Cerah,112,74
2027-12-31,Dada Ayam,11000,Friday,0,Cerah,87,48
2028-01-01,Paha Ayam,10000,Saturday,1,Mendung,109,83
2028-01-02,Ayam Crispy,12000,Sunday,0,Cerah,98,67
2028-01-03,Ayam Crispy,12000,Monday,0,Hujan,98,41
2028-01-04,Dada Ayam,11000,Tuesday,0,Hujan,41,18
2028-01-05,Ayam Geprek,15000,Wednesday,0,Mendung,68,30
2028-01-06,Paha Ayam,10000,Thursday,0,Mendung,107,53
2028-01-07,Dada Ayam,11000,Friday,1,Hujan,104,64
2028-01-08,Ayam Crispy,12000,Saturday,0,Cerah,65,45
2028-01-09,Ayam Crispy,12000,Sunday,1,Cerah,49,49
2028-01-10,Dada Ayam,11000,Monday,0,Cerah,92,49
2028-01-11,Paha Ayam,10000,Tuesday,1,Mendung,118,71
2028-01-12,Ayam Geprek,15000,Wednesday,1,Cerah,98,66
2028-01-13,Ayam Geprek,15000,Thursday,1,Mendung,61,48
2028-01-14,Ayam Crispy,12000,Friday,1,Hujan,90,57
2028-01-15,Paha Ayam,10000,Saturday,1,Hujan,87,66
2028-01-16,Ayam Geprek,15000,Sunday,0,Mendung,60,54
2028-01-17,Paha Ayam,10000,Monday,0,Cerah,61,38
2028-01-18,Paha Ayam,10000,Tuesday,0,Hujan,69,30
2028-01-19,Ayam Crispy,12000,Wednesday,1,Mendung,64,56
2028-01-20,Ayam Geprek,15000,Thursday,0,Cerah,67,39
2028-01-21,Dada Ayam,11000,Friday,1,Cerah,104,60
2028-01-22,Ayam Crispy,12000,Saturday,0,Hujan,84,55
2028-01-23,Ayam Geprek,15000,Sunday,0,Mendung,107,72
2028-01-24,Ayam Geprek,15000,Monday,0,Hujan,46,11
2028-01-25,Ayam Geprek,15000,Tuesday,0,Hujan,88,33
2028-01-26,Ayam Geprek,15000,Wednesday,0,Mendung,48,37
2028-01-27,Ayam Geprek,15000,Thursday,0,Mendung,75,32
2028-01-28,Paha Ayam,10000,Friday,0,Cerah,40,34
2028-01-29,Ayam Crispy,12000,Saturday,0,Cerah,49,46
2028-01-30,Paha Ayam,10000,Sunday,0,Cerah,75,63
2028-01-31,Dada Ayam,11000,Monday,0,Mendung,112,54
2028-02-01,Ayam Geprek,15000,Tuesday,1,Mendung,85,56
2028-02-02,Ayam Crispy,12000,Wednesday,0,Hujan,71,31
2028-02-03,Ayam Geprek,15000,Thursday,0,Cerah,71,40
2028-02-04,Ayam Crispy,12000,Friday,0,Mendung,45,27
2028-02-05,Paha Ayam,10000,Saturday,0,Mendung,87,72
2028-02-06,Ayam Crispy,12000,Sunday,0,Mendung,77,52
2028-02-07,Dada Ayam,11000,Monday,0,Mendung,56,23
2028-02-08,Dada Ayam,11000,Tuesday,0,Cerah,113,62
2028-02-09,Ayam Crispy,12000,Wednesday,0,Mendung,66,35
2028-02-10,Ayam Crispy,12000,Thursday,0,Cerah,93,46
2028-02-11,Ayam Crispy,12000,Friday,1,Cerah,89,59
2028-02-12,Ayam Crispy,12000,Saturday,1,Cerah,74,68
2028-02-13,Dada Ayam,11000,Sunday,0,Mendung,64,49
2028-02-14,Ayam Geprek,15000,Monday,0,Hujan,67,23
2028-02-15,Ayam Crispy,12000,Tuesday,0,Mendung,54,34
2028-02-16,Ayam Crispy,12000,Wednesday,0,Mendung,43,28
2028-02-17,Dada Ayam,11000,Thursday,1,Mendung,112,73
2028-02-18,Dada Ayam,11000,Friday,0,Mendung,66,41
2028-02-19,Paha Ayam,10000,Saturday,0,Cerah,65,48
2028-02-20,Ayam Crispy,12000,Sunday,0,Cerah,58,51
2028-02-21,Paha Ayam,10000,Monday,1,Cerah,56,48
2028-02-22,Dada Ayam,11000,Tuesday,0,Cerah,82,39
2028-02-23,Dada Ayam,11000,Wednesday,0,Cerah,80,46
2028-02-24,Ayam Geprek,15000,Thursday,0,Cerah,81,43
2028-02-25,Ayam Crispy,12000,Friday,0,Cerah,89,44
2028-02-26,Paha Ayam,10000,Saturday,0,Hujan,79,43
2028-02-27,Dada Ayam,11000,Sunday,0,Cerah,78,52
2028-02-28,Dada Ayam,11000,Monday,0,Cerah,62,47
2028-02-29,Paha Ayam,10000,Tuesday,0,Cerah,91,49
2028-03-01,Ayam Geprek,15000,Wednesday,0,Mendung,86,40
2028-03-02,Dada Ayam,11000,Thursday,0,Cerah,102,52
2028-03-03,Ayam Crispy,12000,Friday,0,Cerah,108,58
2028-03-04,Dada Ayam,11000,Saturday,0,Mendung,82,60
2028-03-05,Ayam Crispy,12000,Sunday,1,Cerah,87,82
2028-03-06,Paha Ayam,10000,Monday,0,Cerah,73,33
2028-03-07,Ayam Crispy,12000,Tuesday,0,Cerah,79,33
2028-03-08,Paha Ayam,10000,Wednesday,0,Cerah,114,56
2028-03-09,Ayam Crispy,12000,Thursday,0,Cerah,100,51
2028-03-10,Paha Ayam,10000,Friday,1,Cerah,89,44
2028-03-11,Ayam Crispy,12000,Saturday,0,Hujan,106,54
2028-03-12,Ayam Geprek,15000,Sunday,1,Mendung,101,75
2028-03-13,Ayam Crispy,12000,Monday,0,Mendung,97,42
2028-03-14,Ayam Crispy,12000,Tuesday,0,Cerah,72,35
2028-03-15,Ayam Geprek,15000,Wednesday,1,Hujan,114,63
2028-03-16,Dada Ayam,11000,Thursday,1,Cerah,55,44
2028-03-17,Dada Ayam,11000,Friday,1,Cerah,87,56
2028-03-18,Ayam Crispy,12000,Saturday,1,Mendung,49,49
2028-03-19,Ayam Geprek,15000,Sunday,0,Cerah,77,63
2028-03-20,Ayam Crispy,12000,Monday,1,Cerah,58,52
2028-03-21,Paha Ayam,10000,Tuesday,0,Mendung,75,29
2028-03-22,Paha Ayam,10000,Wednesday,1,Hujan,98,49
2028-03-23,Ayam Crispy,12000,Thursday,0,Cerah,102,53
2028-03-24,Dada Ayam,11000,Friday,1,Mendung,116,77
2028-03-25,Dada Ayam,11000,Saturday,0,Hujan,85,54
2028-03-26,Ayam Crispy,12000,Sunday,0,Cerah,42,42
2028-03-27,Ayam Crispy,12000,Monday,0,Cerah,113,45
2028-03-28,Paha Ayam,10000,Tuesday,1,Cerah,104,71
2028-03-29,Dada Ayam,11000,Wednesday,0,Cerah,47,30
2028-03-30,Ayam Crispy,12000,Thursday,0,Cerah,90,47
2028-03-31,Paha Ayam,10000,Friday,0,Hujan,120,46
2028-04-01,Dada Ayam,11000,Saturday,0,Mendung,112,62
2028-04-02,Ayam Geprek,15000,Sunday,1,Mendung,45,45
2028-04-03,Paha Ayam,10000,Monday,0,Cerah,78,43
2028-04-04,Dada Ayam,11000,Tuesday,1,Hujan,99,53
2028-04-05,Dada Ayam,11000,Wednesday,0,Hujan,67,31
2028-04-06,Paha Ayam,10000,Thursday,0,Hujan,93,31
2028-04-07,Ayam Geprek,15000,Friday,1,Cerah,76,55
2028-04-08,Paha Ayam,10000,Saturday,0,Mendung,48,47
2028-04-09,Dada Ayam,11000,Sunday,0,Cerah,95,55
2028-04-10,Ayam Crispy,12000,Monday,0,Cerah,98,49
2028-04-11,Ayam Crispy,12000,Tuesday,1,Cerah,41,41
2028-04-12,Paha Ayam,10000,Wednesday,0,Mendung,100,48
2028-04-13,Dada Ayam,11000,Thursday,1,Mendung,97,64
2028-04-14,Ayam Crispy,12000,Friday,1,Cerah,99,67
2028-04-15,Dada Ayam,11000,Saturday,0,Cerah,79,56
2028-04-16,Paha Ayam,10000,Sunday,0,Cerah,75,55
2028-04-17,Ayam Crispy,12000,Monday,0,Cerah,76,36
2028-04-18,Dada Ayam,11000,Tuesday,0,Cerah,118,56
2028-04-19,Ayam Crispy,12000,Wednesday,0,Cerah,57,33
2028-04-20,Paha Ayam,10000,Thursday,0,Mendung,102,53
2028-04-21,Dada Ayam,11000,Friday,0,Cerah,61,39
2028-04-22,Ayam Crispy,12000,Saturday,1,Cerah,50,50
2028-04-23,Paha Ayam,10000,Sunday,1,Cerah,97,76
2028-04-24,Ayam Crispy,12000,Monday,1,Hujan,96,43
2028-04-25,Ayam Crispy,12000,Tuesday,0,Mendung,116,59
2028-04-26,Ayam Geprek,15000,Wednesday,0,Mendung,43,32
2028-04-27,Ayam Geprek,15000,Thursday,0,Cerah,46,28
2028-04-28,Paha Ayam,10000,Friday,1,Mendung,100,68
2028-04-29,Ayam Geprek,15000,Saturday,0,Cerah,93,55
2028-04-30,Paha Ayam,10000,Sunday,1,Mendung,107,88
2028-05-01,Ayam Geprek,15000,Monday,0,Hujan,118,45
2028-05-02,Ayam Crispy,12000,Tuesday,0,Mendung,40,25
2028-05-03,Paha Ayam,10000,Wednesday,1,Hujan,94,50
2028-05-04,Paha Ayam,10000,Thursday,0,Mendung,42,29
2028-05-05,Ayam Crispy,12000,Friday,1,Cerah,117,71
2028-05-06,Paha Ayam,10000,Saturday,1,Hujan,77,62
2028-05-07,Paha Ayam,10000,Sunday,0,Cerah,40,40
2028-05-08,Ayam Geprek,15000,Monday,0,Mendung,77,43
2028-05-09,Paha Ayam,10000,Tuesday,0,Cerah,68,39
2028-05-10,Dada Ayam,11000,Wednesday,1,Cerah,44,42
2028-05-11,Ayam Crispy,12000,Thursday,0,Cerah,113,51
2028-05-12,Ayam Geprek,15000,Friday,0,Cerah,60,39
2028-05-13,Ayam Geprek,15000,Saturday,0,Cerah,110,71
2028-05-14,Dada Ayam,11000,Sunday,1,Mendung,106,82
2028-05-15,Ayam Crispy,12000,Monday,0,Cerah,86,50
2028-05-16,Ayam Crispy,12000,Tuesday,1,Cerah,74,46
2028-05-17,Ayam Geprek,15000,Wednesday,1,Mendung,107,65
2028-05-18,Paha Ayam,10000,Thursday,0,Cerah,108,47
2028-05-19,Ayam Geprek,15000,Friday,0,Mendung,40,40
2028-05-20,Ayam Crispy,12000,Saturday,1,Mendung,107,86
2028-05-21,Dada Ayam,11000,Sunday,0,Hujan,51,37
2028-05-22,Ayam Geprek,15000,Monday,1,Mendung,99,69
2028-05-23,Ayam Crispy,12000,Tuesday,0,Cerah,66,44
2028-05-24,Ayam Geprek,15000,Wednesday,0,Mendung,95,54
2028-05-25,Paha Ayam,10000,Thursday,1,Cerah,62,56
2028-05-26,Ayam Geprek,15000,Friday,0,Cerah,64,36
2028-05-27,Ayam Geprek,15000,Saturday,0,Mendung,60,48
2028-05-28,Ayam Crispy,12000,Sunday,0,Cerah,100,60
2028-05-29,Ayam Crispy,12000,Monday,0,Mendung,102,53
2028-05-30,Ayam Crispy,12000,Tuesday,0,Hujan,91,36
2028-05-31,Ayam Geprek,15000,Wednesday,0,Hujan,64,25
2028-06-01,Paha Ayam,10000,Thursday,1,Hujan,94,51
2028-06-02,Dada Ayam,11000,Friday,0,Cerah,85,52
2028-06-03,Dada Ayam,11000,Saturday,0,Cerah,71,60
2028-06-04,Ayam Crispy,12000,Sunday,0,Mendung,94,72
2028-06-05,Ayam Crispy,12000,Monday,1,Cerah,44,44
2028-06-06,Ayam Geprek,15000,Tuesday,0,Mendung,75,42
2028-06-07,Dada Ayam,11000,Wednesday,1,Mendung,88,61
2028-06-08,Ayam Crispy,12000,Thursday,0,Mendung,97,44
2028-06-09,Paha Ayam,10000,Friday,0,Cerah,78,36
2028-06-10,Paha Ayam,10000,Saturday,0,Cerah,119,74
2028-06-11,Ayam Crispy,12000,Sunday,0,Cerah,100,60
2028-06-12,Ayam Crispy,12000,Monday,0,Cerah,48,33
2028-06-13,Dada Ayam,11000,Tuesday,0,Hujan,45,26
2028-06-14,Dada Ayam,11000,Wednesday,1,Cerah,74,53
2028-06-15,Ayam Geprek,15000,Thursday,0,Cerah,78,52
2028-06-16,Dada Ayam,11000,Friday,0,Cerah,61,31
2028-06-17,Paha Ayam,10000,Saturday,0,Mendung,80,63
2028-06-18,Paha Ayam,10000,Sunday,1,Mendung,44,44
2028-06-19,Ayam Crispy,12000,Monday,0,Cerah,81,49
2028-06-20,Dada Ayam,11000,Tuesday,0,Cerah,120,51
2028-06-21,Ayam Geprek,15000,Wednesday,0,Cerah,115,67
2028-06-22,Paha Ayam,10000,Thursday,1,Cerah,119,71
2028-06-23,Paha Ayam,10000,Friday,0,Mendung,106,55
2028-06-24,Ayam Geprek,15000,Saturday,0,Mendung,69,61
2028-06-25,Ayam Geprek,15000,Sunday,1,Cerah,96,76
2028-06-26,Paha Ayam,10000,Monday,1,Cerah,112,73
2028-06-27,Paha Ayam,10000,Tuesday,0,Hujan,68,25
2028-06-28,Ayam Geprek,15000,Wednesday,1,Cerah,76,64
2028-06-29,Paha Ayam,10000,Thursday,0,Mendung,52,29
2028-06-30,Ayam Crispy,12000,Friday,0,Cerah,71,40
2028-07-01,Ayam Crispy,12000,Saturday,0,Cerah,85,61
2028-07-02,Ayam Geprek,15000,Sunday,0,Cerah,62,56
2028-07-03,Dada Ayam,11000,Monday,0,Mendung,84,54
2028-07-04,Ayam Geprek,15000,Tuesday,1,Hujan,56,37
2028-07-05,Ayam Geprek,15000,Wednesday,0,Cerah,105,57
2028-07-06,Dada Ayam,11000,Thursday,0,Cerah,45,41
2028-07-07,Dada Ayam,11000,Friday,0,Cerah,57,36
2028-07-08,Dada Ayam,11000,Saturday,1,Cerah,61,61
2028-07-09,Ayam Crispy,12000,Sunday,0,Cerah,72,47
2028-07-10,Paha Ayam,10000,Monday,0,Cerah,69,49
2028-07-11,Ayam Crispy,12000,Tuesday,0,Mendung,120,56
2028-07-12,Paha Ayam,10000,Wednesday,0,Cerah,71,35
2028-07-13,Ayam Crispy,12000,Thursday,1,Cerah,81,52
2028-07-14,Paha Ayam,10000,Friday,1,Hujan,117,56
2028-07-15,Ayam Crispy,12000,Saturday,0,Cerah,49,49
2028-07-16,Dada Ayam,11000,Sunday,1,Hujan,75,67
2028-07-17,Ayam Geprek,15000,Monday,0,Cerah,73,44
2028-07-18,Ayam Crispy,12000,Tuesday,1,Hujan,112,60
2028-07-19,Paha Ayam,10000,Wednesday,0,Mendung,67,32
2028-07-20,Dada Ayam,11000,Thursday,0,Hujan,50,19
2028-07-21,Ayam Crispy,12000,Friday,0,Hujan,117,40
2028-07-22,Ayam Crispy,12000,Saturday,0,Cerah,78,60
2028-07-23,Dada Ayam,11000,Sunday,0,Hujan,86,45
2028-07-24,Ayam Crispy,12000,Monday,0,Cerah,58,32
2028-07-25,Ayam Geprek,15000,Tuesday,0,Cerah,54,33
2028-07-26,Ayam Crispy,12000,Wednesday,1,Cerah,67,45
2028-07-27,Ayam Geprek,15000,Thursday,0,Mendung,63,37
2028-07-28,Ayam Geprek,15000,Friday,0,Cerah,111,53
2028-07-29,Dada Ayam,11000,Saturday,1,Mendung,48,48
2028-07-30,Ayam Crispy,12000,Sunday,0,Mendung,86,56
2028-07-31,Dada Ayam,11000,Monday,0,Mendung,72,34
2028-08-01,Ayam Crispy,12000,Tuesday,0,Hujan,101,38
2028-08-02,Ayam Crispy,12000,Wednesday,1,Cerah,58,45
2028-08-03,Paha Ayam,10000,Thursday,0,Cerah,106,52
2028-08-04,Ayam Crispy,12000,Friday,0,Cerah,113,45
2028-08-05,Dada Ayam,11000,Saturday,1,Cerah,79,70
2028-08-06,Ayam Geprek,15000,Sunday,1,Cerah,86,70
2028-08-07,Ayam Crispy,12000,Monday,0,Cerah,104,54
2028-08-08,Paha Ayam,10000,Tuesday,0,Cerah,68,35
2028-08-09,Dada Ayam,11000,Wednesday,0,Hujan,89,27
2028-08-10,Ayam Crispy,12000,Thursday,1,Mendung,52,47
2028-08-11,Dada Ayam,11000,Friday,0,Cerah,40,31
2028-08-12,Paha Ayam,10000,Saturday,0,Mendung,73,54
2028-08-13,Paha Ayam,10000,Sunday,1,Cerah,87,72
2028-08-14,Dada Ayam,11000,Monday,0,Cerah,116,52
2028-08-15,Ayam Crispy,12000,Tuesday,0,Mendung,87,46
2028-08-16,Ayam Geprek,15000,Wednesday,0,Cerah,88,41
2028-08-17,Paha Ayam,10000,Thursday,0,Cerah,103,49
2028-08-18,Ayam Crispy,12000,Friday,0,Hujan,100,44
2028-08-19,Ayam Crispy,12000,Saturday,0,Hujan,68,37
2028-08-20,Ayam Geprek,15000,Sunday,0,Mendung,78,57
2028-08-21,Paha Ayam,10000,Monday,0,Mendung,65,29
2028-08-22,Paha Ayam,10000,Tuesday,1,Mendung,56,51
2028-08-23,Ayam Crispy,12000,Wednesday,0,Cerah,110,49
2028-08-24,Ayam Crispy,12000,Thursday,1,Cerah,52,52
2028-08-25,Ayam Geprek,15000,Friday,0,Cerah,108,45
2028-08-26,Ayam Geprek,15000,Saturday,1,Cerah,65,65
2028-08-27,Paha Ayam,10000,Sunday,1,Mendung,88,82
2028-08-28,Dada Ayam,11000,Monday,0,Cerah,106,47
2028-08-29,Paha Ayam,10000,Tuesday,1,Hujan,46,32
2028-08-30,Ayam Crispy,12000,Wednesday,1,Hujan,97,49
2028-08-31,Paha Ayam,10000,Thursday,0,Mendung,88,43
2028-09-01,Dada Ayam,11000,Friday,0,Mendung,92,50
2028-09-02,Ayam Geprek,15000,Saturday,0,Hujan,104,54
2028-09-03,Dada Ayam,11000,Sunday,1,Cerah,101,75
2028-09-04,Dada Ayam,11000,Monday,1,Mendung,56,40
2028-09-05,Dada Ayam,11000,Tuesday,1,Cerah,82,67
2028-09-06,Ayam Geprek,15000,Wednesday,0,Mendung,64,46
2028-09-07,Dada Ayam,11000,Thursday,1,Cerah,42,42
2028-09-08,Dada Ayam,11000,Friday,0,Hujan,118,42
2028-09-09,Dada Ayam,11000,Saturday,0,Hujan,68,48
2028-09-10,Ayam Crispy,12000,Sunday,0,Cerah,71,60
2028-09-11,Dada Ayam,11000,Monday,0,Cerah,65,36
2028-09-12,Ayam Geprek,15000,Tuesday,0,Hujan,55,24
2028-09-13,Dada Ayam,11000,Wednesday,0,Cerah,64,44
2028-09-14,Dada Ayam,11000,Thursday,0,Hujan,93,29
2028-09-15,Ayam Geprek,15000,Friday,0,Mendung,67,43
2028-09-16,Dada Ayam,11000,Saturday,0,Cerah,112,68
2028-09-17,Ayam Geprek,15000,Sunday,0,Cerah,95,58
2028-09-18,Dada Ayam,11000,Monday,0,Cerah,104,46
2028-09-19,Ayam Geprek,15000,Tuesday,0,Mendung,119,52
2028-09-20,Dada Ayam,11000,Wednesday,0,Cerah,80,37
2028-09-21,Dada Ayam,11000,Thursday,0,Mendung,90,55
2028-09-22,Ayam Crispy,12000,Friday,0,Cerah,110,56
2028-09-23,Ayam Crispy,12000,Saturday,0,Mendung,117,76
2028-09-24,Dada Ayam,11000,Sunday,0,Hujan,68,47
2028-09-25,Dada Ayam,11000,Monday,0,Hujan,58,26
2028-09-26,Paha Ayam,10000,Tuesday,1,Cerah,105,67
